"Id";"Identificador";"Huella";"Cantidad";"Identificación";"Suministrador y ref";
1;"U19,U36,U22,U33,U35,U29,U26,U32,U24,U15,U17,U20,U28,U42,U16,U23,U31,U34";"C_1210_3225Metric_Pad1.33x2.70mm_HandSolder";18;"1210";;;
2;"R4,R8,R5,R6,R7,R9,R3,R1,R2";"R_1206_3216Metric_Pad1.30x1.75mm_HandSolder";9;"R_US";;;
3;",,,,,";"";6;"";;;
4;"U14,U30,U21,U27,U18";"SOT-223-3_TabPin2";5;"LM317_SOT-223";;;
5;"D3,D1,D5,D4,D2,D7,D6";"LED";7;"LED";;;
6;"U6";"AMASS_XT60-M";1;"Bateria";;;
7;"U8";"Lidar";1;"LIDAR";;;
8;"U12";"Tira";1;"Tira_Leds";;;
9;"REF**,REF**,REF**";"Texto";3;"Texto";;;
10;"U41,U43,U40,U39,U38,U44";"TOF";6;"~";;;
11;"U2";"Encoder";1;"Encoder";;;
12;"U37,U11";"Servo";2;"Servo";;;
13;"U10";"Pulsador";1;"Pulsador";;;
14;"REF**,REF**,REF**";"Logo";3;"Logo";;;
15;"U7";"Buzzer";1;"Buzzer";;;
16;"U5,U4";"TB6612FNG";2;"TB6612FNG";;;
17;"U13";"Camara2";1;"Camara";;;
18;"U9";"Motor";1;"Motor";;;
19;"ESPSlave1,ESPMaster1";"ESP32-DEVKITV1Si";2;"ESP-32";;;
20;"U3";"MPU-92-65";1;"MPU-92-65";;;
21;"U1";"Switch";1;"Switch";;;
22;"U25";"ESP Tele";1;"~";;;
